<?xml version="1.0" encoding="UTF-8"?>
<project-private xmlns="http://www.netbeans.org/ns/project-private/1">
    <editor-bookmarks xmlns="http://www.netbeans.org/ns/editor-bookmarks/2" lastBookmarkId="0"/>
    <open-files xmlns="http://www.netbeans.org/ns/projectui-open-files/2">
        <group name="2017-2018 WEBR4">
            <file>file:/C:/xampp/htdocs/MyBlog/.htaccess</file>
            <file>file:/C:/xampp/htdocs/MyBlog/view/Connection/index.php</file>
            <file>file:/C:/xampp/htdocs/MyBlog/framework/Model.php</file>
            <file>file:/C:/xampp/htdocs/MyBlog/view/template.php</file>
            <file>file:/C:/xampp/htdocs/MyBlog/view/error.php</file>
            <file>file:/C:/xampp/htdocs/MyBlog/controller/ControllerSecured.php</file>
            <file>file:/C:/xampp/htdocs/MyBlog/controller/ControllerAdmin.php</file>
            <file>file:/C:/xampp/htdocs/MyBlog/controller/ControllerHome.php</file>
            <file>file:/C:/xampp/htdocs/MyBlog/view/Home/index.php</file>
            <file>file:/C:/xampp/htdocs/MyBlog/framework/Controller.php</file>
            <file>file:/C:/xampp/htdocs/MyBlog/framework/Request.php</file>
            <file>file:/C:/xampp/htdocs/MyBlog/controller/ControllerPost.php</file>
            <file>file:/C:/xampp/htdocs/MyBlog/index.php</file>
            <file>file:/C:/xampp/htdocs/MyBlog/model/Post.php</file>
            <file>file:/C:/xampp/htdocs/MyBlog/framework/Configuration.php</file>
            <file>file:/C:/xampp/htdocs/MyBlog/view/Post/index.php</file>
            <file>file:/C:/xampp/htdocs/MyBlog/model/User.php</file>
            <file>file:/C:/xampp/htdocs/MyBlog/controller/ControllerConnection.php</file>
            <file>file:/C:/xampp/htdocs/MyBlog/view/Admin/index.php</file>
            <file>file:/C:/xampp/htdocs/MyBlog/framework/Router.php</file>
            <file>file:/C:/xampp/htdocs/MyBlog/framework/Session.php</file>
            <file>file:/C:/xampp/htdocs/MyBlog/model/Comment.php</file>
            <file>file:/C:/xampp/htdocs/MyBlog/Config/dev.ini</file>
            <file>file:/C:/xampp/htdocs/MyBlog/framework/View.php</file>
        </group>
        <group>
            <file>file:/C:/xampp/htdocs/DivEnfants12Dec/Config/dev.ini</file>
            <file>file:/C:/xampp/htdocs/DivEnfants12Dec/view/Liste/index.php</file>
            <file>file:/C:/xampp/htdocs/DivEnfants12Dec/view/Enfants/liste.php</file>
            <file>file:/C:/xampp/htdocs/DivEnfants12Dec/view/Orgjeux/index.php</file>
            <file>file:/C:/xampp/htdocs/DivEnfants12Dec/model/Participe.php</file>
            <file>file:/C:/xampp/htdocs/DivEnfants12Dec/view/Orgjeux/liste.php</file>
            <file>file:/C:/xampp/htdocs/DivEnfants12Dec/BD/divenf.sql</file>
            <file>file:/C:/xampp/htdocs/DivEnfants12Dec/Content/style.css</file>
            <file>file:/C:/xampp/htdocs/DivEnfants12Dec/view/Participe/index.php</file>
            <file>file:/C:/xampp/htdocs/DivEnfants12Dec/view/Home/index.php</file>
            <file>file:/C:/xampp/htdocs/DivEnfants12Dec/images/PAP-Parents-comment-choisir-jeux.jpg</file>
            <file>file:/C:/xampp/htdocs/DivEnfants12Dec/view/Parent/liste.php</file>
            <file>file:/C:/xampp/htdocs/DivEnfants12Dec/view/template.php</file>
            <file>file:/C:/xampp/htdocs/DivEnfants12Dec/view/error.php</file>
            <file>file:/C:/xampp/htdocs/DivEnfants12Dec/Content/style1.css</file>
            <file>file:/C:/xampp/htdocs/DivEnfants12Dec/Config/prod.ini</file>
            <file>file:/C:/xampp/htdocs/DivEnfants12Dec/controller/ControllerParticipe.php</file>
        </group>
    </open-files>
</project-private>
